,Local Date,Local Time,Air temp 1,rh,Rainfall (mm),sp5 Light,Windspeed Average mph,Windspeed Gust Max mph,Soil temp2,Bat Volt,Serial No.,Label,Name
0,18-12-25,22:00:01,9.3,100.0,0,0.0,0.0,0.0,8.8,12.8,2428,Weather Station,allpress
1,18-12-25,23:00:01,9.5,100.0,0,0.0,0.0,0.0,8.8,12.8,2428,Weather Station,allpress
2,19-12-25,00:00:01,9.6,100.0,0,0.0,0.0,0.0,8.8,12.8,2428,Weather Station,allpress
3,19-12-25,01:00:01,8.7,91.4,0,0.0,0.0,0.0,8.8,12.8,2428,Weather Station,allpress
4,19-12-25,02:00:01,7.6,91.9,0,0.0,0.0,1.5,8.6,12.8,2428,Weather Station,allpress
5,19-12-25,03:00:01,6.6,99.5,0,0.0,0.0,1.5,8.8,12.8,2428,Weather Station,allpress
6,19-12-25,04:00:01,4.6,100.0,0,0.0,0.0,0.0,8.7,12.8,2428,Weather Station,allpress
7,19-12-25,05:00:01,5.3,100.0,0,0.0,0.0,0.0,8.6,12.8,2428,Weather Station,allpress
8,19-12-25,06:00:01,5.4,100.0,0,0.0,0.0,0.0,8.5,12.8,2428,Weather Station,allpress
9,19-12-25,07:00:01,5.5,100.0,0,0.0,0.0,0.0,8.4,12.8,2428,Weather Station,allpress
10,19-12-25,08:00:01,4.3,100.0,0,0.0,0.0,0.0,8.5,12.7,2428,Weather Station,allpress
11,19-12-25,09:00:01,5.3,100.0,0,43.92,0.0,0.0,8.4,12.8,2428,Weather Station,allpress
12,19-12-25,10:00:01,6.7,100.0,0,224.48,0.0,0.0,8.4,13.6,2428,Weather Station,allpress
13,19-12-25,11:00:01,8.7,91.4,0,317.2,0.0,0.0,8.3,13.7,2428,Weather Station,allpress
14,19-12-25,12:00:01,9.5,86.5,0,366.0,0.0,0.0,8.3,13.7,2428,Weather Station,allpress
15,19-12-25,13:00:01,9.6,84.5,0,346.48,0.0,0.0,8.3,13.7,2428,Weather Station,allpress
16,19-12-25,14:00:01,9.4,85.8,0,253.76,0.0,0.0,8.3,13.7,2428,Weather Station,allpress
17,19-12-25,15:00:01,8.4,92.3,0,104.92,0.0,0.0,8.3,13.7,2428,Weather Station,allpress
18,19-12-25,16:00:01,6.8,100.0,0,0.0,0.0,0.0,8.3,13.2,2428,Weather Station,allpress
19,19-12-25,17:00:01,5.8,100.0,0,0.0,0.0,0.0,8.4,13.2,2428,Weather Station,allpress
20,19-12-25,18:00:01,4.9,100.0,0,0.0,0.0,0.0,8.3,13.1,2428,Weather Station,allpress
21,19-12-25,19:00:01,4.2,100.0,0,0.0,0.0,0.0,8.3,13.1,2428,Weather Station,allpress
22,19-12-25,20:00:01,3.8,100.0,0,0.0,0.0,0.0,8.2,13.1,2428,Weather Station,allpress
23,19-12-25,21:00:01,3.7,100.0,0,0.0,0.0,0.0,8.2,13.1,2428,Weather Station,allpress
24,19-12-25,22:00:01,3.1,100.0,0,0.0,0.0,0.0,8.1,13.1,2428,Weather Station,allpress
25,19-12-25,23:00:01,3.4,100.0,0,0.0,0.0,0.0,8.0,13.1,2428,Weather Station,allpress
26,20-12-25,00:00:01,2.8,100.0,0,0.0,0.0,0.0,8.0,13.1,2428,Weather Station,allpress
27,20-12-25,01:00:01,2.2,100.0,0,0.0,0.0,0.0,7.9,13.0,2428,Weather Station,allpress
28,20-12-25,02:00:01,2.7,100.0,0,0.0,0.0,0.0,7.8,13.0,2428,Weather Station,allpress
29,20-12-25,03:00:01,1.9,100.0,0,0.0,0.0,0.0,7.8,13.0,2428,Weather Station,allpress
30,20-12-25,04:00:01,1.9,100.0,0,0.0,0.0,0.0,7.8,13.0,2428,Weather Station,allpress
31,20-12-25,05:00:01,1.5,100.0,0,0.0,0.0,0.0,7.8,13.0,2428,Weather Station,allpress
32,20-12-25,06:00:01,1.4,100.0,0,0.0,0.0,0.0,7.7,13.0,2428,Weather Station,allpress
33,20-12-25,07:00:01,0.8,100.0,0,0.0,0.03,3.25,7.6,13.0,2428,Weather Station,allpress
34,20-12-25,08:00:01,1.0,100.0,0,2.44,0.0,0.75,7.5,13.0,2428,Weather Station,allpress
35,20-12-25,09:00:01,1.8,100.0,0,92.72,0.0,0.0,7.3,13.3,2428,Weather Station,allpress
36,20-12-25,10:00:01,4.0,100.0,0,219.6,0.0,0.0,7.5,13.7,2428,Weather Station,allpress
37,20-12-25,11:00:01,6.2,100.0,0,326.96,0.0,0.0,7.4,13.8,2428,Weather Station,allpress
38,20-12-25,12:00:01,7.8,100.0,0,380.64,0.0,0.0,7.4,13.8,2428,Weather Station,allpress
39,20-12-25,13:00:01,9.3,99.0,0,358.68,0.0,0.0,3.4,13.8,2428,Weather Station,allpress
40,20-12-25,14:00:01,8.6,100.0,0,319.64,0.0,0.0,3.3,13.8,2428,Weather Station,allpress
41,20-12-25,15:00:01,7.2,100.0,0,100.04,0.0,0.0,3.4,13.8,2428,Weather Station,allpress
42,20-12-25,16:00:01,5.2,100.0,0,0.0,0.0,0.0,3.4,13.2,2428,Weather Station,allpress
43,20-12-25,17:00:01,2.7,100.0,0,0.0,0.0,1.5,7.5,13.2,2428,Weather Station,allpress
44,20-12-25,18:00:01,2.9,100.0,0,0.0,0.0,0.0,3.7,13.1,2428,Weather Station,allpress
45,20-12-25,19:00:01,2.5,100.0,0,0.0,0.08,4.0,3.3,13.1,2428,Weather Station,allpress
46,20-12-25,20:00:01,3.3,100.0,0,0.0,0.1,4.0,3.4,13.1,2428,Weather Station,allpress
47,20-12-25,21:00:01,2.7,100.0,0,0.0,0.0,0.0,3.4,13.1,2428,Weather Station,allpress
48,20-12-25,22:00:01,2.6,100.0,0,0.0,0.0,0.0,3.3,13.1,2428,Weather Station,allpress
49,20-12-25,23:00:01,2.2,100.0,0,0.0,0.0,0.0,3.3,13.0,2428,Weather Station,allpress
50,21-12-25,00:00:01,3.9,100.0,0,0.0,0.0,0.0,3.3,13.0,2428,Weather Station,allpress
51,21-12-25,01:00:01,4.5,100.0,0,0.0,0.0,0.0,3.3,13.0,2428,Weather Station,allpress
52,21-12-25,02:00:01,5.3,100.0,0,0.0,0.0,0.0,3.3,13.0,2428,Weather Station,allpress
53,21-12-25,03:00:01,5.6,100.0,0,0.0,0.0,0.0,3.3,13.0,2428,Weather Station,allpress
54,21-12-25,04:00:01,6.1,100.0,0,0.0,0.0,0.0,3.3,13.0,2428,Weather Station,allpress
55,21-12-25,05:00:01,6.8,100.0,0,0.0,0.0,0.0,3.3,13.0,2428,Weather Station,allpress
56,21-12-25,06:00:01,6.7,100.0,0,0.0,0.0,0.0,3.3,13.0,2428,Weather Station,allpress
57,21-12-25,07:00:01,7.1,100.0,0,0.0,0.0,0.0,3.3,13.0,2428,Weather Station,allpress
58,21-12-25,08:00:01,7.0,100.0,0,0.0,0.0,0.0,3.3,13.0,2428,Weather Station,allpress
59,21-12-25,09:00:01,7.2,100.0,0,65.88,0.0,0.0,3.4,13.0,2428,Weather Station,allpress
60,21-12-25,10:00:01,8.1,100.0,0,183.0,0.0,0.0,3.4,13.3,2428,Weather Station,allpress
61,21-12-25,11:00:01,8.5,100.0,0,114.68,0.0,0.0,3.4,13.2,2428,Weather Station,allpress
62,21-12-25,12:00:01,8.8,100.0,0,78.08,0.0,0.0,3.4,13.1,2428,Weather Station,allpress
63,21-12-25,13:00:01,9.2,100.0,0,34.16,0.0,0.0,3.5,13.1,2428,Weather Station,allpress
64,21-12-25,14:00:01,9.1,100.0,0,53.68,0.0,0.0,3.5,13.0,2428,Weather Station,allpress
65,21-12-25,15:00:01,9.2,100.0,0,21.96,0.0,0.0,6.9,13.0,2428,Weather Station,allpress
66,21-12-25,16:00:01,9.1,100.0,0,0.0,0.0,0.0,3.6,13.0,2428,Weather Station,allpress
67,21-12-25,17:00:01,9.0,100.0,0,0.0,0.0,0.0,3.6,13.0,2428,Weather Station,allpress
68,21-12-25,18:00:01,9.0,100.0,1,0.0,0.0,0.0,3.6,13.0,2428,Weather Station,allpress
69,21-12-25,19:00:01,9.0,100.0,0,0.0,0.0,0.0,3.7,13.0,2428,Weather Station,allpress
70,21-12-25,20:00:01,8.9,100.0,0,0.0,0.0,0.0,3.7,12.9,2428,Weather Station,allpress
71,21-12-25,21:00:01,8.9,100.0,1,0.0,0.0,0.0,3.7,12.9,2428,Weather Station,allpress
72,21-12-25,22:00:01,8.8,100.0,0,0.0,0.0,0.0,3.8,12.9,2428,Weather Station,allpress
73,21-12-25,23:00:01,8.6,100.0,0,0.0,0.0,0.0,3.8,12.9,2428,Weather Station,allpress
74,22-12-25,00:00:01,8.1,100.0,0,0.0,0.0,0.0,3.8,12.9,2428,Weather Station,allpress
75,22-12-25,01:00:01,7.9,100.0,0,0.0,0.0,0.0,3.8,12.9,2428,Weather Station,allpress
76,22-12-25,02:00:01,7.9,100.0,0,0.0,0.0,0.0,3.8,12.9,2428,Weather Station,allpress
77,22-12-25,03:00:01,7.8,100.0,0,0.0,0.0,0.0,3.8,12.9,2428,Weather Station,allpress
78,22-12-25,04:00:01,7.2,100.0,0,0.0,0.0,0.0,3.9,12.9,2428,Weather Station,allpress
79,22-12-25,05:00:01,6.8,100.0,0,0.0,0.0,0.0,7.9,12.9,2428,Weather Station,allpress
80,22-12-25,06:00:01,5.9,100.0,0,0.0,0.0,0.0,3.9,12.9,2428,Weather Station,allpress
81,22-12-25,07:00:01,4.2,100.0,0,0.0,0.0,0.0,3.9,12.8,2428,Weather Station,allpress
82,22-12-25,08:00:01,3.6,100.0,0,0.0,0.0,0.0,3.9,12.8,2428,Weather Station,allpress
83,22-12-25,09:00:01,4.6,100.0,0,65.88,0.0,0.0,3.8,12.9,2428,Weather Station,allpress
84,22-12-25,10:00:01,5.2,100.0,0,139.08,0.0,0.0,3.8,13.1,2428,Weather Station,allpress
85,22-12-25,11:00:01,8.1,100.0,0,292.8,0.0,0.0,3.7,13.7,2428,Weather Station,allpress
86,22-12-25,12:00:01,9.5,100.0,0,348.92,0.0,0.0,3.7,13.7,2428,Weather Station,allpress
87,22-12-25,13:00:01,9.4,100.0,0,219.6,0.0,0.0,3.7,13.7,2428,Weather Station,allpress
88,22-12-25,14:00:01,8.9,100.0,0,139.08,0.0,0.0,3.8,13.5,2428,Weather Station,allpress
89,22-12-25,15:00:01,8.0,100.0,0,65.88,0.0,0.0,4.0,13.4,2428,Weather Station,allpress
90,22-12-25,16:00:01,7.0,100.0,0,0.0,0.0,0.0,8.0,13.2,2428,Weather Station,allpress
91,22-12-25,17:00:01,6.6,100.0,0,0.0,0.0,0.0,8.0,13.1,2428,Weather Station,allpress
92,22-12-25,18:00:01,6.5,100.0,0,0.0,0.0,0.0,3.8,13.1,2428,Weather Station,allpress
93,22-12-25,19:00:01,5.2,100.0,0,0.0,0.0,0.0,3.9,13.1,2428,Weather Station,allpress
94,22-12-25,20:00:01,4.0,100.0,0,0.0,0.0,0.0,3.8,13.1,2428,Weather Station,allpress
95,22-12-25,21:00:01,3.3,100.0,0,0.0,0.0,0.0,3.8,13.0,2428,Weather Station,allpress
96,22-12-25,22:00:01,3.6,100.0,0,0.0,0.0,0.0,6.7,13.0,2428,Weather Station,allpress
97,22-12-25,23:00:01,2.7,100.0,0,0.0,0.0,0.0,3.8,13.0,2428,Weather Station,allpress
98,23-12-25,00:00:01,3.6,100.0,0,0.0,0.0,0.0,3.7,13.0,2428,Weather Station,allpress
99,23-12-25,01:00:01,4.8,100.0,0,0.0,0.0,0.0,3.6,13.0,2428,Weather Station,allpress
100,23-12-25,02:00:01,5.2,100.0,0,0.0,0.0,0.0,3.7,12.9,2428,Weather Station,allpress
101,23-12-25,03:00:01,5.4,100.0,0,0.0,0.0,0.0,3.6,12.9,2428,Weather Station,allpress
102,23-12-25,04:00:01,5.5,100.0,0,0.0,0.0,0.0,3.7,12.9,2428,Weather Station,allpress
103,23-12-25,05:00:01,5.4,100.0,0,0.0,0.0,0.0,3.6,12.9,2428,Weather Station,allpress
104,23-12-25,06:00:01,5.2,100.0,0,0.0,0.0,0.0,3.7,12.9,2428,Weather Station,allpress
105,23-12-25,07:00:01,5.4,100.0,0,0.0,0.0,0.0,3.8,12.9,2428,Weather Station,allpress
106,23-12-25,08:00:01,5.5,100.0,0,0.0,0.0,0.0,3.7,12.9,2428,Weather Station,allpress
107,23-12-25,09:00:01,5.5,100.0,0,7.32,0.0,0.0,3.7,12.9,2428,Weather Station,allpress
108,23-12-25,10:00:01,5.7,100.0,0,29.28,0.0,0.0,3.7,12.9,2428,Weather Station,allpress
109,23-12-25,11:00:01,5.7,100.0,0,46.36,0.0,0.0,3.7,12.9,2428,Weather Station,allpress
110,23-12-25,12:00:01,5.8,100.0,0,43.92,0.0,0.0,3.6,12.9,2428,Weather Station,allpress
111,23-12-25,13:00:01,5.6,100.0,0,41.48,0.0,0.0,3.6,12.9,2428,Weather Station,allpress
112,23-12-25,14:00:01,5.2,100.0,0,26.84,0.0,0.0,3.7,12.8,2428,Weather Station,allpress
113,23-12-25,15:00:01,4.9,100.0,0,7.32,0.0,0.0,3.6,12.8,2428,Weather Station,allpress
114,23-12-25,16:00:01,5.0,100.0,0,0.0,0.0,0.0,3.6,12.8,2428,Weather Station,allpress
115,23-12-25,17:00:01,5.0,100.0,0,0.0,0.0,0.0,3.6,12.8,2428,Weather Station,allpress
116,23-12-25,18:00:01,4.9,100.0,0,0.0,0.0,0.0,3.6,12.8,2428,Weather Station,allpress
117,23-12-25,19:00:01,5.0,100.0,0,0.0,0.0,0.0,3.6,12.8,2428,Weather Station,allpress
118,23-12-25,20:00:01,4.8,100.0,0,0.0,0.0,0.0,3.5,12.8,2428,Weather Station,allpress
119,23-12-25,21:00:01,4.6,100.0,0,0.0,0.0,0.0,7.5,12.8,2428,Weather Station,allpress
120,23-12-25,22:00:01,4.4,100.0,0,0.0,0.0,0.0,7.5,12.8,2428,Weather Station,allpress
121,23-12-25,23:00:01,4.3,100.0,0,0.0,0.0,0.0,7.5,12.8,2428,Weather Station,allpress
122,24-12-25,00:00:01,4.4,100.0,0,0.0,0.0,0.0,7.5,12.8,2428,Weather Station,allpress
123,24-12-25,01:00:01,4.6,100.0,0,0.0,0.0,0.0,3.7,12.8,2428,Weather Station,allpress
124,24-12-25,02:00:01,4.8,100.0,0,0.0,0.0,0.0,7.3,12.8,2428,Weather Station,allpress
125,24-12-25,03:00:01,4.5,100.0,0,0.0,0.78,11.5,7.2,12.8,2428,Weather Station,allpress
126,24-12-25,04:00:01,4.1,100.0,0,0.0,0.23,13.25,7.4,12.8,2428,Weather Station,allpress
127,24-12-25,05:00:01,3.3,100.0,0,0.0,0.03,4.0,7.3,12.8,2428,Weather Station,allpress
128,24-12-25,06:00:01,2.4,100.0,0,0.0,2.0,11.5,7.3,12.8,2428,Weather Station,allpress
129,24-12-25,07:00:01,1.9,100.0,0,0.0,3.23,15.75,7.4,12.8,2428,Weather Station,allpress
130,24-12-25,08:00:01,1.3,100.0,0,2.44,8.33,10.75,7.3,12.8,2428,Weather Station,allpress
131,24-12-25,09:00:01,1.7,100.0,0,90.28,8.5,10.0,7.3,12.9,2428,Weather Station,allpress
132,24-12-25,10:00:01,2.9,96.3,0,217.16,0.0,0.75,3.2,13.7,2428,Weather Station,allpress
133,24-12-25,11:00:01,4.1,89.1,0,207.4,0.0,0.0,3.2,13.7,2428,Weather Station,allpress
134,24-12-25,12:00:01,4.1,80.2,0,187.88,0.0,1.5,7.2,13.5,2428,Weather Station,allpress
135,24-12-25,13:00:01,5.9,79.2,0,370.88,0.0,0.0,3.2,13.7,2428,Weather Station,allpress
136,24-12-25,14:00:01,4.5,76.2,0,197.64,0.0,0.0,3.3,13.7,2428,Weather Station,allpress
137,24-12-25,15:00:01,3.3,86.3,0,65.88,0.0,0.0,7.1,13.4,2428,Weather Station,allpress
138,24-12-25,16:00:01,2.6,97.9,0,2.44,0.0,0.0,7.1,13.2,2428,Weather Station,allpress
139,24-12-25,17:00:01,2.4,100.0,0,0.0,0.0,0.0,7.0,13.1,2428,Weather Station,allpress
140,24-12-25,18:00:01,2.6,100.0,0,0.0,0.0,5.0,7.0,13.1,2428,Weather Station,allpress
141,24-12-25,19:00:01,3.6,93.2,0,0.0,0.0,0.0,7.0,13.1,2428,Weather Station,allpress
142,24-12-25,20:00:01,3.4,90.3,0,0.0,0.0,0.0,7.0,13.1,2428,Weather Station,allpress
143,24-12-25,21:00:01,3.2,89.7,0,0.0,0.0,0.0,7.0,13.1,2428,Weather Station,allpress
144,24-12-25,22:00:01,2.3,95.3,0,0.0,0.0,2.5,6.9,13.0,2428,Weather Station,allpress
145,24-12-25,23:00:01,1.8,100.0,0,0.0,0.0,0.75,6.9,13.0,2428,Weather Station,allpress
146,25-12-25,00:00:01,1.2,98.5,0,0.0,0.0,0.0,6.9,13.0,2428,Weather Station,allpress
147,25-12-25,01:00:01,1.4,100.0,0,0.0,0.0,0.75,6.9,13.0,2428,Weather Station,allpress
148,25-12-25,02:00:01,1.5,100.0,0,0.0,0.48,10.75,6.8,12.9,2428,Weather Station,allpress
149,25-12-25,03:00:01,1.9,98.0,0,0.0,1.83,14.0,6.8,12.9,2428,Weather Station,allpress
150,25-12-25,04:00:01,1.7,100.0,0,0.0,0.05,6.5,6.7,12.9,2428,Weather Station,allpress
151,25-12-25,05:00:01,1.7,100.0,0,0.0,0.0,0.0,6.7,12.9,2428,Weather Station,allpress
152,25-12-25,06:00:01,1.7,100.0,0,0.0,0.0,0.0,6.6,12.9,2428,Weather Station,allpress
153,25-12-25,07:00:01,1.4,100.0,0,0.0,0.0,0.0,6.6,12.9,2428,Weather Station,allpress
154,25-12-25,08:00:01,1.1,100.0,0,2.44,0.78,10.0,6.6,12.8,2428,Weather Station,allpress
155,25-12-25,09:00:01,1.6,100.0,0,90.28,0.43,8.25,6.6,13.2,2428,Weather Station,allpress
156,25-12-25,10:00:01,3.0,85.1,0,217.16,0.0,0.0,6.6,13.7,2428,Weather Station,allpress
157,25-12-25,11:00:01,4.1,73.0,0,322.08,0.0,0.0,6.5,13.7,2428,Weather Station,allpress
158,25-12-25,12:00:01,4.6,66.4,0,380.64,0.0,0.0,6.2,13.7,2428,Weather Station,allpress
159,25-12-25,13:00:01,4.9,61.5,0,363.56,0.0,0.0,6.4,13.7,2428,Weather Station,allpress
160,25-12-25,14:00:01,4.6,64.2,0,275.72,0.0,0.0,6.4,13.7,2428,Weather Station,allpress
161,25-12-25,15:00:01,3.9,67.1,0,122.0,0.0,0.0,6.4,13.7,2428,Weather Station,allpress
162,25-12-25,16:00:01,2.1,75.6,0,2.44,0.0,0.0,6.3,13.2,2428,Weather Station,allpress
163,25-12-25,17:00:01,0.9,84.3,0,0.0,1.0,7.5,6.3,13.1,2428,Weather Station,allpress
164,25-12-25,18:00:01,0.0,95.8,0,0.0,7.95,8.25,6.2,13.1,2428,Weather Station,allpress
165,25-12-25,19:00:01,0.6,94.6,0,0.0,16.83,10.0,6.2,13.1,2428,Weather Station,allpress
166,25-12-25,20:00:01,0.9,88.6,0,0.0,7.23,11.5,6.2,13.0,2428,Weather Station,allpress
167,25-12-25,21:00:01,0.4,91.3,0,0.0,8.6,10.0,6.2,13.0,2428,Weather Station,allpress
168,25-12-25,22:00:01,0.5,94.6,0,0.0,12.7,6.5,6.2,13.0,2428,Weather Station,allpress
169,25-12-25,23:00:01,0.4,97.5,0,0.0,16.65,8.25,6.2,13.0,2428,Weather Station,allpress
170,26-12-25,00:00:01,-0.4,100.0,0,0.0,12.0,6.5,6.1,13.0,2428,Weather Station,allpress
171,26-12-25,01:00:01,-1.0,100.0,0,0.0,9.73,5.0,6.1,12.9,2428,Weather Station,allpress
172,26-12-25,02:00:01,-1.1,100.0,0,0.0,10.3,5.75,6.1,12.9,2428,Weather Station,allpress
173,26-12-25,03:00:01,-1.1,100.0,0,0.0,11.33,5.75,6.0,12.9,2428,Weather Station,allpress
174,26-12-25,04:00:01,-0.6,100.0,0,0.0,11.65,6.5,6.0,12.9,2428,Weather Station,allpress
175,26-12-25,05:00:01,-0.4,100.0,0,0.0,11.95,7.5,6.0,12.9,2428,Weather Station,allpress
176,26-12-25,06:00:01,-0.6,100.0,0,0.0,15.4,7.5,6.0,12.9,2428,Weather Station,allpress
177,26-12-25,07:00:01,-0.7,100.0,0,0.0,15.73,7.5,6.0,12.8,2428,Weather Station,allpress
178,26-12-25,08:00:01,-1.1,100.0,0,2.44,15.75,7.5,5.9,12.8,2428,Weather Station,allpress
179,26-12-25,09:00:01,-0.3,100.0,0,92.72,13.0,6.5,5.9,13.3,2428,Weather Station,allpress
180,26-12-25,10:00:01,1.7,100.0,0,212.28,0.1,7.5,2.4,13.7,2428,Weather Station,allpress
181,26-12-25,11:00:01,3.3,89.1,0,317.2,0.0,0.0,2.3,13.7,2428,Weather Station,allpress
182,26-12-25,12:00:01,4.8,82.6,0,368.44,0.0,0.0,5.8,13.7,2428,Weather Station,allpress
183,26-12-25,13:00:01,5.9,82.9,0,344.04,0.0,0.0,2.2,13.8,2428,Weather Station,allpress
184,26-12-25,14:00:01,5.4,91.0,0,253.76,0.0,0.0,2.2,13.8,2428,Weather Station,allpress
185,26-12-25,15:00:01,4.4,94.6,0,107.36,0.0,0.0,5.9,13.7,2428,Weather Station,allpress
186,26-12-25,16:00:01,1.7,100.0,0,2.44,0.0,0.75,5.9,13.2,2428,Weather Station,allpress
187,26-12-25,17:00:01,0.9,100.0,0,0.0,0.0,0.0,5.9,13.1,2428,Weather Station,allpress
188,26-12-25,18:00:01,0.3,100.0,0,0.0,0.0,0.0,5.9,13.1,2428,Weather Station,allpress
189,26-12-25,19:00:01,0.5,100.0,0,0.0,3.03,5.75,5.9,13.1,2428,Weather Station,allpress
190,26-12-25,20:00:01,0.1,100.0,0,0.0,0.4,4.0,5.9,13.0,2428,Weather Station,allpress
191,26-12-25,21:00:01,0.0,100.0,0,0.0,8.8,5.0,4.9,13.0,2428,Weather Station,allpress
192,26-12-25,22:00:01,0.2,100.0,0,0.0,9.15,5.75,2.4,13.0,2428,Weather Station,allpress
193,26-12-25,23:00:01,0.0,100.0,0,0.0,0.7,3.25,5.8,13.0,2428,Weather Station,allpress
194,27-12-25,00:00:01,-0.1,100.0,0,0.0,0.05,4.0,5.9,12.9,2428,Weather Station,allpress
195,27-12-25,01:00:01,-0.3,100.0,0,0.0,0.0,3.25,2.4,12.9,2428,Weather Station,allpress
196,27-12-25,02:00:01,-0.1,100.0,0,0.0,0.05,5.75,2.4,12.9,2428,Weather Station,allpress
197,27-12-25,03:00:01,0.0,100.0,0,0.0,0.85,5.75,5.9,12.9,2428,Weather Station,allpress
198,27-12-25,04:00:01,0.0,100.0,0,0.0,0.2,5.75,2.4,12.9,2428,Weather Station,allpress
199,27-12-25,05:00:01,0.0,100.0,0,0.0,0.05,3.25,5.9,12.9,2428,Weather Station,allpress
200,27-12-25,06:00:01,0.0,100.0,0,0.0,0.1,4.0,5.9,12.8,2428,Weather Station,allpress
201,27-12-25,07:00:01,0.5,100.0,0,0.0,0.73,5.75,2.3,12.8,2428,Weather Station,allpress
202,27-12-25,08:00:01,0.7,100.0,0,2.44,0.0,0.0,5.7,12.8,2428,Weather Station,allpress
203,27-12-25,09:00:01,1.5,100.0,0,102.48,0.0,0.0,2.3,13.2,2428,Weather Station,allpress
204,27-12-25,10:00:01,3.0,100.0,0,197.64,0.0,0.0,2.1,13.7,2428,Weather Station,allpress
205,27-12-25,11:00:01,4.3,100.0,0,195.2,0.0,0.0,2.1,13.4,2428,Weather Station,allpress
206,27-12-25,12:00:01,5.2,100.0,0,178.12,0.0,0.0,2.1,13.3,2428,Weather Station,allpress
207,27-12-25,13:00:01,5.5,100.0,0,100.04,0.0,0.0,5.7,13.2,2428,Weather Station,allpress
208,27-12-25,14:00:01,5.9,100.0,0,65.88,0.0,0.0,5.8,13.1,2428,Weather Station,allpress
209,27-12-25,15:00:01,6.0,100.0,0,39.04,0.0,0.0,5.8,13.0,2428,Weather Station,allpress
210,27-12-25,16:00:01,5.4,100.0,0,0.0,0.0,0.0,5.8,13.0,2428,Weather Station,allpress
211,27-12-25,17:00:01,5.4,100.0,0,0.0,0.0,0.0,5.8,13.0,2428,Weather Station,allpress
212,27-12-25,18:00:01,5.2,100.0,0,0.0,0.0,0.0,5.8,12.9,2428,Weather Station,allpress
213,27-12-25,19:00:01,5.2,100.0,0,0.0,0.0,0.0,2.3,12.9,2428,Weather Station,allpress
214,27-12-25,20:00:01,5.4,100.0,0,0.0,0.0,0.0,5.8,12.9,2428,Weather Station,allpress
215,27-12-25,21:00:01,5.1,100.0,0,0.0,0.0,0.0,5.3,12.9,2428,Weather Station,allpress
216,27-12-25,22:00:01,5.1,100.0,0,0.0,0.0,0.0,5.4,12.9,2428,Weather Station,allpress
217,27-12-25,23:00:01,5.0,100.0,0,0.0,0.0,0.0,2.5,12.9,2428,Weather Station,allpress
218,28-12-25,00:00:01,5.2,100.0,0,0.0,0.0,0.0,2.5,12.9,2428,Weather Station,allpress
219,28-12-25,01:00:01,5.2,100.0,0,0.0,0.0,0.0,2.5,12.8,2428,Weather Station,allpress
220,28-12-25,02:00:01,5.3,100.0,0,0.0,0.0,0.0,2.7,12.8,2428,Weather Station,allpress
221,28-12-25,03:00:01,5.0,100.0,0,0.0,0.0,0.0,2.6,12.8,2428,Weather Station,allpress
222,28-12-25,04:00:01,5.0,100.0,0,0.0,0.0,0.0,2.6,12.8,2428,Weather Station,allpress
223,28-12-25,05:00:01,5.0,97.1,0,0.0,0.0,0.0,2.6,12.8,2428,Weather Station,allpress
224,28-12-25,06:00:01,4.9,100.0,0,0.0,0.0,0.0,2.6,12.8,2428,Weather Station,allpress
225,28-12-25,07:00:01,4.7,100.0,0,0.0,0.0,0.0,2.6,12.8,2428,Weather Station,allpress
226,28-12-25,08:00:01,4.7,100.0,0,0.0,0.0,0.0,2.6,12.8,2428,Weather Station,allpress
227,28-12-25,09:00:01,5.0,100.0,0,34.16,0.0,0.0,2.6,12.8,2428,Weather Station,allpress
228,28-12-25,10:00:01,5.4,99.6,0,73.2,0.0,0.0,2.6,12.8,2428,Weather Station,allpress
229,28-12-25,11:00:01,5.6,97.4,0,100.04,0.0,0.0,2.6,12.9,2428,Weather Station,allpress
230,28-12-25,12:00:01,5.8,97.0,0,112.24,0.0,0.0,2.6,12.9,2428,Weather Station,allpress
231,28-12-25,13:00:01,5.6,99.5,0,78.08,0.0,0.0,2.5,12.9,2428,Weather Station,allpress
232,28-12-25,14:00:01,5.4,99.8,0,51.24,0.0,0.0,2.6,12.8,2428,Weather Station,allpress
233,28-12-25,15:00:01,5.2,98.9,0,21.96,0.0,0.0,2.5,12.8,2428,Weather Station,allpress
234,28-12-25,16:00:01,5.1,97.5,0,0.0,0.0,0.0,2.5,12.8,2428,Weather Station,allpress
235,28-12-25,17:00:01,4.5,100.0,0,0.0,0.0,0.0,2.5,12.8,2428,Weather Station,allpress
236,28-12-25,18:00:01,4.8,100.0,0,0.0,0.0,0.0,2.5,12.8,2428,Weather Station,allpress
237,28-12-25,19:00:01,4.5,100.0,0,0.0,0.0,0.0,2.5,12.8,2428,Weather Station,allpress
238,28-12-25,20:00:02,4.5,100.0,0,0.0,0.0,0.0,2.5,12.8,2428,Weather Station,allpress
239,28-12-25,21:00:01,4.4,100.0,0,0.0,0.0,0.0,2.5,12.8,2428,Weather Station,allpress
240,28-12-25,22:00:01,4.2,100.0,0,0.0,0.0,0.0,2.6,12.8,2428,Weather Station,allpress
241,28-12-25,23:00:01,4.2,100.0,0,0.0,0.0,0.0,2.4,12.8,2428,Weather Station,allpress
242,29-12-25,00:00:01,4.3,100.0,0,0.0,0.0,0.0,2.4,12.8,2428,Weather Station,allpress
243,29-12-25,01:00:01,4.2,100.0,0,0.0,0.0,0.0,2.4,12.8,2428,Weather Station,allpress
244,29-12-25,02:00:01,4.3,100.0,0,0.0,0.0,0.0,2.4,12.8,2428,Weather Station,allpress
245,29-12-25,03:00:01,4.1,98.7,0,0.0,0.0,0.0,2.5,12.8,2428,Weather Station,allpress
246,29-12-25,04:00:01,4.0,99.0,0,0.0,0.0,0.0,2.5,12.8,2428,Weather Station,allpress
247,29-12-25,05:00:01,4.0,99.5,0,0.0,0.0,0.0,2.4,12.8,2428,Weather Station,allpress
248,29-12-25,06:00:01,4.0,99.3,0,0.0,0.0,0.0,2.4,12.8,2428,Weather Station,allpress
249,29-12-25,07:00:01,4.0,100.0,0,0.0,0.0,0.0,2.4,12.8,2428,Weather Station,allpress
250,29-12-25,08:00:01,4.3,100.0,0,0.0,0.0,0.0,2.4,12.8,2428,Weather Station,allpress
251,29-12-25,09:00:01,4.4,100.0,0,29.28,0.0,0.0,2.4,12.8,2428,Weather Station,allpress
252,29-12-25,10:00:01,4.9,97.3,0,78.08,0.0,0.0,2.4,12.8,2428,Weather Station,allpress
253,29-12-25,11:00:01,5.2,98.5,0,102.48,0.0,0.0,2.4,12.8,2428,Weather Station,allpress
254,29-12-25,12:00:01,5.7,93.1,0,141.52,0.0,0.0,2.4,12.9,2428,Weather Station,allpress
255,29-12-25,13:00:01,5.8,93.0,0,97.6,0.0,0.0,2.4,12.9,2428,Weather Station,allpress
256,29-12-25,14:00:01,5.8,93.5,0,63.44,0.0,0.0,2.4,12.8,2428,Weather Station,allpress
257,29-12-25,15:00:01,5.8,95.4,0,34.16,0.0,0.0,2.4,12.8,2428,Weather Station,allpress
258,29-12-25,16:00:01,5.2,99.5,0,2.44,0.0,0.0,2.4,12.8,2428,Weather Station,allpress
259,29-12-25,17:00:01,5.2,100.0,0,0.0,0.0,0.0,2.4,12.8,2428,Weather Station,allpress
260,29-12-25,18:00:01,5.2,100.0,0,0.0,0.0,0.0,2.4,12.8,2428,Weather Station,allpress
261,29-12-25,19:00:01,5.1,100.0,0,0.0,0.0,0.0,2.5,12.8,2428,Weather Station,allpress
262,29-12-25,20:00:01,4.8,100.0,0,0.0,0.0,0.0,2.5,12.8,2428,Weather Station,allpress
263,29-12-25,21:00:01,3.4,100.0,0,0.0,0.0,0.0,2.5,12.8,2428,Weather Station,allpress
264,29-12-25,22:00:01,3.0,100.0,0,0.0,0.0,0.75,2.5,12.7,2428,Weather Station,allpress
265,29-12-25,23:00:01,3.3,100.0,0,0.0,0.0,0.0,2.5,12.7,2428,Weather Station,allpress
266,30-12-25,00:00:01,3.1,100.0,0,0.0,0.0,0.0,2.5,12.7,2428,Weather Station,allpress
267,30-12-25,01:00:01,1.9,100.0,0,0.0,0.0,1.5,2.5,12.7,2428,Weather Station,allpress
268,30-12-25,02:00:01,1.7,100.0,0,0.0,0.0,0.75,2.5,12.7,2428,Weather Station,allpress
269,30-12-25,03:00:01,1.6,100.0,0,0.0,0.0,0.75,2.5,12.7,2428,Weather Station,allpress
270,30-12-25,04:00:01,1.6,100.0,0,0.0,0.0,0.0,2.5,12.7,2428,Weather Station,allpress
271,30-12-25,05:00:01,1.8,100.0,0,0.0,0.0,0.0,2.4,12.7,2428,Weather Station,allpress
272,30-12-25,06:00:01,1.8,100.0,0,0.0,0.0,0.0,2.4,12.7,2428,Weather Station,allpress
273,30-12-25,07:00:01,2.5,100.0,0,0.0,0.0,0.0,2.4,12.7,2428,Weather Station,allpress
274,30-12-25,08:00:01,1.8,100.0,0,0.0,0.0,0.0,2.4,12.7,2428,Weather Station,allpress
275,30-12-25,09:00:01,0.9,100.0,0,65.88,0.0,0.75,2.4,12.8,2428,Weather Station,allpress
276,30-12-25,10:00:01,3.0,100.0,0,92.72,0.0,0.0,2.3,12.8,2428,Weather Station,allpress
277,30-12-25,11:00:01,4.7,100.0,0,341.6,0.0,0.0,2.2,13.6,2428,Weather Station,allpress
278,30-12-25,12:00:01,4.4,100.0,0,241.56,0.0,0.0,2.2,13.3,2428,Weather Station,allpress
279,30-12-25,13:00:01,4.9,97.4,0,197.64,0.0,0.0,2.3,13.4,2428,Weather Station,allpress
280,30-12-25,14:00:01,5.5,95.7,0,283.04,0.0,0.0,2.3,13.7,2428,Weather Station,allpress
281,30-12-25,15:00:01,4.0,95.9,0,124.44,0.0,0.0,2.3,13.7,2428,Weather Station,allpress
282,30-12-25,16:00:01,2.8,100.0,0,2.44,0.08,3.25,2.3,13.2,2428,Weather Station,allpress
283,30-12-25,17:00:01,2.0,100.0,0,0.0,0.15,4.0,2.3,13.1,2428,Weather Station,allpress
284,30-12-25,18:00:01,1.4,100.0,0,0.0,0.0,0.0,2.3,13.1,2428,Weather Station,allpress
285,30-12-25,19:00:01,0.6,100.0,0,0.0,0.0,0.0,2.3,13.1,2428,Weather Station,allpress
286,30-12-25,20:00:01,0.5,100.0,0,0.0,0.68,5.0,2.2,13.0,2428,Weather Station,allpress
287,30-12-25,21:00:01,-0.5,100.0,0,0.0,0.0,2.5,2.2,13.0,2428,Weather Station,allpress
288,30-12-25,22:00:01,-1.4,100.0,0,0.0,0.03,3.25,2.3,13.0,2428,Weather Station,allpress
289,30-12-25,23:00:01,-1.4,100.0,0,0.0,0.05,4.0,2.2,13.0,2428,Weather Station,allpress
290,31-12-25,00:00:01,-0.8,100.0,0,0.0,0.0,1.5,2.2,12.9,2428,Weather Station,allpress
291,31-12-25,01:00:01,-0.1,100.0,0,0.0,0.0,0.0,2.1,12.9,2428,Weather Station,allpress
292,31-12-25,02:00:01,-0.2,100.0,0,0.0,0.0,2.5,2.0,12.9,2428,Weather Station,allpress
293,31-12-25,03:00:01,-1.0,100.0,0,0.0,0.0,0.0,1.9,12.9,2428,Weather Station,allpress
294,31-12-25,04:00:01,-1.1,100.0,0,0.0,0.15,4.0,2.0,12.9,2428,Weather Station,allpress
295,31-12-25,05:00:01,-1.1,100.0,0,0.0,0.0,0.0,2.0,12.9,2428,Weather Station,allpress
296,31-12-25,06:00:01,-1.5,100.0,0,0.0,0.0,1.5,2.0,12.8,2428,Weather Station,allpress
297,31-12-25,07:00:01,-2.1,100.0,0,0.0,0.0,1.5,1.7,12.8,2428,Weather Station,allpress
298,31-12-25,08:00:01,-2.7,100.0,0,0.0,2.1,5.0,0.8,12.8,2428,Weather Station,allpress
299,31-12-25,09:00:01,-1.7,100.0,0,107.36,1.6,5.0,0.5,13.2,2428,Weather Station,allpress
300,31-12-25,10:00:01,0.4,100.0,0,224.48,0.0,2.5,0.4,13.7,2428,Weather Station,allpress
301,31-12-25,11:00:01,1.6,100.0,0,326.96,0.0,0.0,0.0,13.7,2428,Weather Station,allpress
302,31-12-25,12:00:01,2.7,95.8,0,385.52,0.0,0.0,0.0,13.7,2428,Weather Station,allpress
303,31-12-25,13:00:01,3.4,91.8,0,361.12,0.0,0.0,-0.1,13.7,2428,Weather Station,allpress
304,31-12-25,14:00:01,3.6,89.0,0,273.28,0.0,0.0,5.2,13.7,2428,Weather Station,allpress
305,31-12-25,15:00:01,2.7,92.8,0,134.2,0.0,0.0,-0.5,13.7,2428,Weather Station,allpress
306,31-12-25,16:00:01,0.5,100.0,0,4.88,0.03,3.25,-0.2,13.2,2428,Weather Station,allpress
307,31-12-25,17:00:01,0.9,100.0,0,0.0,0.0,0.75,-0.6,13.1,2428,Weather Station,allpress
308,31-12-25,18:00:01,-0.4,100.0,0,0.0,0.0,0.0,5.4,13.1,2428,Weather Station,allpress
309,31-12-25,19:00:01,-0.2,100.0,0,0.0,0.0,1.5,5.4,13.1,2428,Weather Station,allpress
310,31-12-25,20:00:01,0.0,100.0,0,0.0,0.0,0.75,4.9,13.1,2428,Weather Station,allpress
311,31-12-25,21:00:01,-0.6,100.0,0,0.0,0.0,0.0,5.4,13.0,2428,Weather Station,allpress
312,31-12-25,22:00:01,-1.2,100.0,0,0.0,0.0,1.5,5.4,13.0,2428,Weather Station,allpress
313,31-12-25,23:00:01,-1.1,100.0,0,0.0,0.0,0.0,5.4,13.0,2428,Weather Station,allpress
314,01-01-26,00:00:01,-1.1,100.0,0,0.0,0.0,0.0,5.3,13.0,2428,Weather Station,allpress
315,01-01-26,01:00:01,-0.2,100.0,0,0.0,0.0,0.0,5.3,13.0,2428,Weather Station,allpress
316,01-01-26,02:00:01,0.5,100.0,0,0.0,0.0,0.0,5.3,12.9,2428,Weather Station,allpress
317,01-01-26,03:00:01,0.5,100.0,0,0.0,0.78,8.25,5.2,12.9,2428,Weather Station,allpress
318,01-01-26,04:00:01,0.6,100.0,0,0.0,0.0,0.0,5.2,12.9,2428,Weather Station,allpress
319,01-01-26,05:00:01,0.7,100.0,0,0.0,0.0,0.0,5.2,12.9,2428,Weather Station,allpress
320,01-01-26,06:00:01,0.9,98.1,0,0.0,0.0,0.0,5.2,12.9,2428,Weather Station,allpress
321,01-01-26,07:00:01,1.4,98.1,0,0.0,0.0,0.0,5.2,12.9,2428,Weather Station,allpress
322,01-01-26,08:00:01,1.5,100.0,0,0.0,0.0,0.0,5.2,12.9,2428,Weather Station,allpress
323,01-01-26,09:00:01,2.0,100.0,0,58.56,0.0,0.0,5.2,12.9,2428,Weather Station,allpress
324,01-01-26,10:00:01,2.8,100.0,0,187.88,0.0,0.0,5.1,13.4,2428,Weather Station,allpress
325,01-01-26,11:00:01,3.7,100.0,0,212.28,0.0,0.0,5.1,13.7,2428,Weather Station,allpress
326,01-01-26,12:00:01,5.2,93.1,0,322.08,0.0,0.0,5.1,13.7,2428,Weather Station,allpress
327,01-01-26,13:00:01,4.8,89.6,0,207.4,0.0,0.0,5.1,13.6,2428,Weather Station,allpress
328,01-01-26,14:00:01,4.4,88.0,0,146.4,0.0,0.0,5.1,13.5,2428,Weather Station,allpress
329,01-01-26,15:00:01,4.1,86.3,0,58.56,0.0,0.0,5.2,13.2,2428,Weather Station,allpress
330,01-01-26,16:00:01,3.2,90.3,0,2.44,0.0,2.5,5.2,13.1,2428,Weather Station,allpress
331,01-01-26,17:00:01,2.7,97.6,0,0.0,0.0,0.0,5.2,13.1,2428,Weather Station,allpress
332,01-01-26,18:00:01,2.1,100.0,0,0.0,0.0,0.0,5.2,13.1,2428,Weather Station,allpress
333,01-01-26,19:00:01,1.9,100.0,0,0.0,0.0,0.0,5.2,13.0,2428,Weather Station,allpress
334,01-01-26,20:00:01,1.7,100.0,0,0.0,0.0,0.0,5.2,13.0,2428,Weather Station,allpress
335,01-01-26,21:00:01,1.3,100.0,0,0.0,0.0,0.0,5.2,13.0,2428,Weather Station,allpress
336,01-01-26,22:00:01,1.6,99.5,0,0.0,0.0,0.0,5.2,13.0,2428,Weather Station,allpress
337,01-01-26,23:00:01,1.1,99.5,0,0.0,0.0,0.0,5.2,12.9,2428,Weather Station,allpress
338,02-01-26,00:00:01,0.7,88.1,0,0.0,0.0,0.0,5.2,12.9,2428,Weather Station,allpress
339,02-01-26,01:00:01,0.5,97.1,0,0.0,0.0,0.0,5.1,12.9,2428,Weather Station,allpress
340,02-01-26,02:00:01,0.8,100.0,0,0.0,0.0,0.0,5.1,12.9,2428,Weather Station,allpress
341,02-01-26,03:00:01,1.1,96.3,0,0.0,0.0,0.0,5.1,12.9,2428,Weather Station,allpress
342,02-01-26,04:00:01,1.1,95.3,0,0.0,0.0,0.0,5.0,12.9,2428,Weather Station,allpress
343,02-01-26,05:00:01,1.3,97.5,0,0.0,0.0,0.0,5.0,12.9,2428,Weather Station,allpress
344,02-01-26,06:00:01,0.3,100.0,0,0.0,0.0,0.0,5.0,12.8,2428,Weather Station,allpress
345,02-01-26,07:00:01,-1.2,100.0,0,0.0,0.0,0.0,5.0,12.8,2428,Weather Station,allpress
346,02-01-26,08:00:01,-1.6,100.0,0,0.0,0.0,0.0,5.0,12.8,2428,Weather Station,allpress
347,02-01-26,09:00:01,-1.1,100.0,0,90.28,0.0,0.0,4.9,13.2,2428,Weather Station,allpress
348,02-01-26,10:00:01,0.3,88.1,0,217.16,0.0,0.0,4.9,13.7,2428,Weather Station,allpress
349,02-01-26,11:00:01,1.3,70.4,0,326.96,0.0,0.0,4.8,13.7,2428,Weather Station,allpress
350,02-01-26,12:00:01,1.9,66.7,0,387.96,0.0,0.0,4.8,13.7,2428,Weather Station,allpress
351,02-01-26,13:00:01,2.2,65.2,0,375.76,0.0,0.0,4.8,13.7,2428,Weather Station,allpress
352,02-01-26,14:00:01,2.4,63.6,0,295.24,0.0,0.0,4.7,13.7,2428,Weather Station,allpress
353,02-01-26,15:00:01,1.9,66.5,0,148.84,0.0,0.0,4.7,13.7,2428,Weather Station,allpress
354,02-01-26,16:00:01,0.0,78.5,0,7.32,0.0,0.75,4.6,13.2,2428,Weather Station,allpress
355,02-01-26,17:00:01,-1.6,88.5,0,0.0,1.85,6.5,4.6,13.1,2428,Weather Station,allpress
356,02-01-26,18:00:01,-1.7,89.8,0,0.0,0.08,6.5,4.6,13.1,2428,Weather Station,allpress
357,02-01-26,19:00:01,-2.3,97.3,0,0.0,0.15,3.25,4.6,13.0,2428,Weather Station,allpress
358,02-01-26,20:00:01,-2.0,95.9,0,0.0,0.0,0.0,4.5,13.0,2428,Weather Station,allpress
359,02-01-26,21:00:01,-2.6,97.6,0,0.0,0.0,0.0,4.5,13.0,2428,Weather Station,allpress
360,02-01-26,22:00:01,-2.6,100.0,0,0.0,0.0,0.0,4.5,13.0,2428,Weather Station,allpress
361,02-01-26,23:00:01,-2.9,100.0,0,0.0,0.0,0.75,4.4,12.9,2428,Weather Station,allpress
362,03-01-26,00:00:01,-2.7,100.0,0,0.0,0.0,0.0,4.4,12.9,2428,Weather Station,allpress
363,03-01-26,01:00:01,-2.9,100.0,0,0.0,0.0,0.75,4.4,12.9,2428,Weather Station,allpress
364,03-01-26,02:00:01,-2.6,100.0,0,0.0,0.0,0.0,4.4,12.9,2428,Weather Station,allpress
365,03-01-26,03:00:01,-1.7,100.0,0,0.0,0.0,0.75,4.4,12.9,2428,Weather Station,allpress
366,03-01-26,04:00:01,-2.5,100.0,0,0.0,0.0,0.0,4.3,12.9,2428,Weather Station,allpress
367,03-01-26,05:00:01,-3.3,100.0,0,0.0,0.0,0.0,4.3,12.8,2428,Weather Station,allpress
368,03-01-26,06:00:01,-2.8,95.6,0,0.0,0.0,0.0,4.3,12.8,2428,Weather Station,allpress
369,03-01-26,07:00:01,-3.2,93.6,0,0.0,0.28,6.5,4.2,12.8,2428,Weather Station,allpress
370,03-01-26,08:00:01,-3.1,88.1,0,0.0,0.0,1.5,4.2,12.8,2428,Weather Station,allpress
371,03-01-26,09:00:01,-2.0,85.7,0,92.72,0.0,0.0,4.1,13.2,2428,Weather Station,allpress
372,03-01-26,10:00:01,-0.7,77.8,0,229.36,0.0,0.0,4.1,13.7,2428,Weather Station,allpress
373,03-01-26,11:00:01,0.5,72.4,0,334.28,0.0,0.0,4.0,13.7,2428,Weather Station,allpress
374,03-01-26,12:00:01,1.2,70.9,0,405.04,0.05,12.5,4.0,13.7,2428,Weather Station,allpress
375,03-01-26,13:00:01,1.4,73.4,0,387.96,0.0,0.0,3.9,13.7,2428,Weather Station,allpress
376,03-01-26,14:00:01,1.4,74.5,0,302.56,0.0,4.0,3.9,13.7,2428,Weather Station,allpress
377,03-01-26,15:00:01,0.8,78.2,0,151.28,0.08,7.5,3.8,13.7,2428,Weather Station,allpress
378,03-01-26,16:00:01,-0.4,88.1,0,7.32,1.05,13.25,3.8,13.2,2428,Weather Station,allpress
379,03-01-26,17:00:01,-1.1,91.0,0,0.0,0.8,8.25,3.8,13.1,2428,Weather Station,allpress
380,03-01-26,18:00:01,-1.8,95.3,0,0.0,0.0,1.5,3.8,13.1,2428,Weather Station,allpress
381,03-01-26,19:00:01,-1.9,92.4,0,0.0,0.48,8.25,3.8,13.0,2428,Weather Station,allpress
382,03-01-26,20:00:01,-2.5,91.5,0,0.0,0.0,0.75,3.8,13.0,2428,Weather Station,allpress
383,03-01-26,21:00:01,-3.0,95.7,0,0.0,0.75,7.5,3.8,13.0,2428,Weather Station,allpress
384,03-01-26,22:00:01,-2.9,90.7,0,0.0,0.0,3.25,3.8,13.0,2428,Weather Station,allpress
385,03-01-26,23:00:01,-3.1,90.1,0,0.0,0.0,0.0,3.7,12.9,2428,Weather Station,allpress
386,04-01-26,00:00:01,-3.0,89.1,0,0.0,5.45,10.75,3.7,12.9,2428,Weather Station,allpress
387,04-01-26,01:00:01,-3.5,89.2,0,0.0,8.03,9.0,3.7,12.9,2428,Weather Station,allpress
388,04-01-26,02:00:01,-3.7,89.3,0,0.0,3.53,8.25,3.7,12.9,2428,Weather Station,allpress
389,04-01-26,03:00:01,-4.1,89.6,0,0.0,0.23,4.0,3.6,12.8,2428,Weather Station,allpress
390,04-01-26,04:00:01,-4.6,90.7,0,0.0,0.3,7.5,3.6,12.8,2428,Weather Station,allpress
391,04-01-26,05:00:01,-4.7,94.2,0,0.0,0.43,6.5,3.6,12.8,2428,Weather Station,allpress
392,04-01-26,06:00:01,-4.9,97.0,0,0.0,7.45,9.0,3.6,12.8,2428,Weather Station,allpress
393,04-01-26,07:00:01,-5.0,95.4,0,0.0,18.8,11.5,3.6,12.8,2428,Weather Station,allpress
394,04-01-26,08:00:01,-5.2,95.9,0,2.44,14.18,16.5,3.6,12.8,2428,Weather Station,allpress
395,04-01-26,09:00:01,-4.0,94.1,0,92.72,12.6,8.25,3.5,13.3,2428,Weather Station,allpress
396,04-01-26,10:00:01,-2.0,82.6,0,224.48,8.6,10.0,3.5,13.7,2428,Weather Station,allpress
397,04-01-26,11:00:01,0.2,71.4,0,334.28,0.03,5.75,3.4,13.7,2428,Weather Station,allpress
398,04-01-26,12:00:01,0.8,69.1,0,395.28,0.0,0.0,3.4,13.7,2428,Weather Station,allpress
399,04-01-26,13:00:01,1.4,66.8,0,387.96,0.05,6.5,3.3,13.7,2428,Weather Station,allpress
400,04-01-26,14:00:01,2.1,67.1,0,302.56,0.0,0.0,3.3,13.7,2428,Weather Station,allpress
401,04-01-26,15:00:01,1.5,76.7,0,151.28,0.0,0.0,3.3,13.7,2428,Weather Station,allpress
402,04-01-26,16:00:01,-0.6,90.1,0,7.32,1.05,15.0,3.3,13.2,2428,Weather Station,allpress
403,04-01-26,17:00:01,-1.3,99.5,0,0.0,2.73,6.5,3.3,13.1,2428,Weather Station,allpress
404,04-01-26,18:00:01,-2.7,100.0,0,0.0,0.03,2.5,3.3,13.1,2428,Weather Station,allpress
405,04-01-26,19:00:01,-3.7,100.0,0,0.0,0.18,3.25,3.3,13.0,2428,Weather Station,allpress
406,04-01-26,20:00:01,-3.4,100.0,0,0.0,0.08,3.25,3.3,13.0,2428,Weather Station,allpress
407,04-01-26,21:00:01,-4.4,100.0,0,0.0,0.08,1.5,3.3,13.0,2428,Weather Station,allpress
408,04-01-26,22:00:01,-3.5,100.0,0,0.0,0.03,2.5,3.3,12.9,2428,Weather Station,allpress
409,04-01-26,23:00:01,-4.0,100.0,0,0.0,0.0,0.0,3.3,12.9,2428,Weather Station,allpress
410,05-01-26,00:00:01,-3.0,100.0,0,0.0,0.0,0.75,3.3,12.9,2428,Weather Station,allpress
411,05-01-26,01:00:01,-2.1,100.0,0,0.0,0.0,0.0,3.3,12.9,2428,Weather Station,allpress
412,05-01-26,02:00:01,-2.0,100.0,0,0.0,0.0,0.0,3.2,12.9,2428,Weather Station,allpress
413,05-01-26,03:00:01,-2.0,100.0,0,0.0,0.0,0.0,3.2,12.9,2428,Weather Station,allpress
414,05-01-26,04:00:01,-2.4,100.0,0,0.0,0.0,0.0,3.2,12.8,2428,Weather Station,allpress
415,05-01-26,05:00:01,-5.0,100.0,0,0.0,0.03,2.5,3.2,12.8,2428,Weather Station,allpress
416,05-01-26,06:00:01,-5.5,120.9,0,0.0,0.03,4.0,3.2,12.8,2428,Weather Station,allpress
417,05-01-26,07:00:01,-6.2,120.6,0,0.0,0.0,4.0,3.2,12.8,2428,Weather Station,allpress
418,05-01-26,08:00:01,-5.7,121.0,0,0.0,4.05,14.0,3.2,12.8,2428,Weather Station,allpress
419,05-01-26,09:00:01,-5.0,100.0,0,124.44,4.7,8.25,3.2,12.8,2428,Weather Station,allpress
420,05-01-26,10:00:01,-3.4,95.6,0,241.56,6.48,7.5,3.2,13.3,2428,Weather Station,allpress
421,05-01-26,11:00:01,-2.9,93.9,0,136.64,0.0,2.5,3.1,13.2,2428,Weather Station,allpress
422,05-01-26,12:00:01,-0.3,87.1,0,414.8,0.15,6.5,3.1,13.7,2428,Weather Station,allpress
423,05-01-26,13:00:01,0.0,88.7,0,387.96,0.0,0.0,3.0,13.7,2428,Weather Station,allpress
424,05-01-26,14:00:01,0.5,86.0,0,300.12,0.0,0.0,3.0,13.7,2428,Weather Station,allpress
425,05-01-26,15:00:01,0.1,88.1,0,163.48,0.0,1.5,3.0,13.7,2428,Weather Station,allpress
426,05-01-26,16:00:01,-1.1,95.7,0,9.76,0.0,0.75,2.9,13.2,2428,Weather Station,allpress
427,05-01-26,17:00:01,-2.3,100.0,0,0.0,0.45,9.0,2.9,13.1,2428,Weather Station,allpress
428,05-01-26,18:00:01,-2.5,100.0,0,0.0,0.0,0.0,2.9,13.0,2428,Weather Station,allpress
429,05-01-26,19:00:01,-3.3,100.0,0,0.0,0.0,0.0,2.9,13.0,2428,Weather Station,allpress
430,05-01-26,20:00:01,-4.2,100.0,0,0.0,5.3,6.5,2.9,13.0,2428,Weather Station,allpress
431,05-01-26,21:00:01,-4.6,100.0,0,0.0,8.85,6.5,2.9,12.9,2428,Weather Station,allpress
432,05-01-26,22:00:01,-5.5,100.0,0,0.0,9.7,6.5,2.9,12.9,2428,Weather Station,allpress
433,05-01-26,23:00:01,-5.4,100.0,0,0.0,8.9,5.0,2.9,12.9,2428,Weather Station,allpress
434,06-01-26,00:00:01,-6.2,100.0,0,0.0,7.0,6.5,2.9,12.8,2428,Weather Station,allpress
435,06-01-26,01:00:01,-6.1,100.0,0,0.0,9.45,5.75,2.9,12.8,2428,Weather Station,allpress
436,06-01-26,02:00:01,-6.1,100.0,0,0.0,12.25,8.25,2.8,12.8,2428,Weather Station,allpress
437,06-01-26,03:00:01,-7.2,100.0,0,0.0,8.65,5.75,2.8,12.8,2428,Weather Station,allpress
438,06-01-26,04:00:01,-6.3,100.0,0,0.0,11.7,8.25,2.8,12.8,2428,Weather Station,allpress
439,06-01-26,05:00:01,-5.9,100.0,0,0.0,9.45,6.5,2.7,12.8,2428,Weather Station,allpress
440,06-01-26,06:00:01,-7.6,100.0,0,0.0,3.4,6.5,2.7,12.8,2428,Weather Station,allpress
441,06-01-26,07:00:01,-8.0,100.0,0,0.0,5.3,4.0,2.7,12.7,2428,Weather Station,allpress
442,06-01-26,08:00:01,-7.6,100.0,0,0.0,9.43,6.5,2.7,12.7,2428,Weather Station,allpress
443,06-01-26,09:00:01,-5.7,100.0,0,78.08,9.83,10.0,2.7,12.9,2428,Weather Station,allpress
444,06-01-26,10:00:01,-3.5,100.0,0,212.28,2.85,7.5,2.7,13.7,2428,Weather Station,allpress
445,06-01-26,11:00:01,-1.5,100.0,0,246.44,0.0,2.5,2.6,13.7,2428,Weather Station,allpress
446,06-01-26,12:00:01,-0.6,100.0,0,280.6,1.65,5.75,2.6,13.7,2428,Weather Station,allpress
447,06-01-26,13:00:01,-0.2,100.0,0,151.28,0.0,0.0,2.6,13.3,2428,Weather Station,allpress
448,06-01-26,14:00:01,0.1,100.0,0,122.0,0.0,0.0,2.6,13.2,2428,Weather Station,allpress
449,06-01-26,15:00:01,0.4,100.0,0,78.08,0.0,0.0,2.6,13.2,2428,Weather Station,allpress
450,06-01-26,16:00:01,-0.1,100.0,0,2.44,0.65,5.0,2.6,13.1,2428,Weather Station,allpress
451,06-01-26,17:00:01,-0.1,100.0,0,0.0,0.03,2.5,2.6,13.0,2428,Weather Station,allpress
452,06-01-26,18:00:01,0.0,100.0,0,0.0,0.0,0.0,2.6,12.9,2428,Weather Station,allpress
453,06-01-26,19:00:01,1.0,100.0,0,0.0,0.0,0.0,2.6,12.9,2428,Weather Station,allpress
454,06-01-26,20:00:01,1.3,100.0,0,0.0,0.03,3.25,2.6,12.9,2428,Weather Station,allpress
455,06-01-26,21:00:01,1.7,100.0,0,0.0,0.0,0.0,2.7,12.9,2428,Weather Station,allpress
456,06-01-26,22:00:01,1.9,100.0,0,0.0,2.33,15.0,2.7,12.9,2428,Weather Station,allpress
457,06-01-26,23:00:01,2.3,100.0,0,0.0,0.0,0.0,2.7,12.8,2428,Weather Station,allpress
458,07-01-26,00:00:01,3.3,100.0,0,0.0,0.0,1.5,2.7,12.8,2428,Weather Station,allpress
459,07-01-26,01:00:01,2.9,100.0,0,0.0,0.0,0.0,2.7,12.8,2428,Weather Station,allpress
460,07-01-26,02:00:01,2.8,100.0,0,0.0,0.0,0.0,2.8,12.8,2428,Weather Station,allpress
461,07-01-26,03:00:01,2.7,100.0,0,0.0,0.0,0.0,2.8,12.8,2428,Weather Station,allpress
462,07-01-26,04:00:01,1.7,100.0,0,0.0,0.0,0.0,2.8,12.8,2428,Weather Station,allpress
463,07-01-26,05:00:01,1.7,100.0,0,0.0,0.0,3.25,2.9,12.8,2428,Weather Station,allpress
464,07-01-26,06:00:01,2.0,100.0,0,0.0,0.03,5.75,2.9,12.8,2428,Weather Station,allpress
465,07-01-26,07:00:01,1.4,100.0,0,0.0,0.0,0.0,3.0,12.8,2428,Weather Station,allpress
466,07-01-26,08:00:01,1.9,100.0,0,0.0,0.0,0.0,3.0,12.8,2428,Weather Station,allpress
467,07-01-26,09:00:01,2.2,100.0,0,63.44,0.0,0.0,3.0,12.8,2428,Weather Station,allpress
468,07-01-26,10:00:01,3.6,99.7,0,229.36,1.23,13.25,3.0,13.7,2428,Weather Station,allpress
469,07-01-26,11:00:01,4.4,95.3,0,383.08,0.0,0.0,3.0,13.7,2428,Weather Station,allpress
470,07-01-26,12:00:01,5.2,88.1,0,409.92,0.0,0.0,3.0,13.7,2428,Weather Station,allpress
471,07-01-26,13:00:01,4.9,84.0,0,407.48,0.0,0.0,3.1,13.7,2428,Weather Station,allpress
472,07-01-26,14:00:01,4.4,82.8,0,114.68,0.0,0.0,3.1,13.6,2428,Weather Station,allpress
473,07-01-26,15:00:01,4.7,81.2,0,168.36,0.0,0.0,3.2,13.7,2428,Weather Station,allpress
474,07-01-26,16:00:01,2.9,90.8,0,9.76,0.0,0.0,3.2,13.2,2428,Weather Station,allpress
475,07-01-26,17:00:01,1.7,98.9,0,0.0,0.03,8.25,3.2,13.1,2428,Weather Station,allpress
476,07-01-26,18:00:01,2.1,100.0,0,0.0,0.0,0.0,3.2,13.1,2428,Weather Station,allpress
477,07-01-26,19:00:01,1.3,98.2,0,0.0,0.05,7.5,3.3,13.1,2428,Weather Station,allpress
478,07-01-26,20:00:01,0.9,100.0,0,0.0,0.0,0.0,3.3,13.0,2428,Weather Station,allpress
479,07-01-26,21:00:01,0.7,100.0,0,0.0,0.0,0.0,3.3,13.0,2428,Weather Station,allpress
480,07-01-26,22:00:01,0.4,100.0,0,0.0,0.03,5.75,3.3,13.0,2428,Weather Station,allpress
481,07-01-26,23:00:01,0.2,100.0,0,0.0,0.25,5.75,3.3,13.0,2428,Weather Station,allpress
482,08-01-26,00:00:01,0.2,100.0,0,0.0,0.55,10.0,3.3,12.9,2428,Weather Station,allpress
483,08-01-26,01:00:01,0.6,100.0,0,0.0,0.1,4.0,3.3,12.9,2428,Weather Station,allpress
484,08-01-26,02:00:01,0.2,100.0,0,0.0,0.0,0.0,3.3,12.9,2428,Weather Station,allpress
485,08-01-26,03:00:01,0.3,100.0,0,0.0,0.0,2.5,3.3,12.9,2428,Weather Station,allpress
486,08-01-26,04:00:01,0.5,100.0,0,0.0,0.0,0.0,3.3,12.9,2428,Weather Station,allpress
487,08-01-26,05:00:01,0.7,100.0,0,0.0,0.0,0.0,3.3,12.9,2428,Weather Station,allpress
488,08-01-26,06:00:01,0.5,100.0,0,0.0,0.0,0.0,3.3,12.9,2428,Weather Station,allpress
489,08-01-26,07:00:01,-0.4,100.0,0,0.0,0.0,0.0,3.3,12.8,2428,Weather Station,allpress
490,08-01-26,08:00:01,-1.1,100.0,0,0.0,0.0,0.0,3.3,12.8,2428,Weather Station,allpress
491,08-01-26,09:00:01,-1.0,100.0,0,65.88,0.0,0.0,3.3,12.9,2428,Weather Station,allpress
492,08-01-26,10:00:01,-0.2,100.0,0,151.28,0.0,0.0,3.3,13.1,2428,Weather Station,allpress
493,08-01-26,11:00:01,0.9,100.0,0,219.6,0.0,0.75,3.3,13.3,2428,Weather Station,allpress
494,08-01-26,12:00:01,1.7,100.0,0,190.32,0.0,0.0,3.3,13.3,2428,Weather Station,allpress
495,08-01-26,13:00:01,1.7,100.0,0,90.28,0.0,0.0,3.3,13.1,2428,Weather Station,allpress
496,08-01-26,14:00:01,1.7,100.0,0,51.24,0.0,0.0,3.3,13.0,2428,Weather Station,allpress
497,08-01-26,15:00:01,1.5,100.0,0,19.52,0.0,0.0,3.3,12.9,2428,Weather Station,allpress
498,08-01-26,16:00:01,1.3,100.0,0,0.0,0.0,1.5,3.3,12.9,2428,Weather Station,allpress
499,08-01-26,17:00:01,1.2,100.0,0,0.0,0.0,0.0,3.4,12.9,2428,Weather Station,allpress
500,08-01-26,18:00:01,1.2,100.0,0,0.0,0.0,0.0,3.4,12.8,2428,Weather Station,allpress
501,08-01-26,19:00:01,1.7,100.0,0,0.0,0.2,17.5,3.4,12.8,2428,Weather Station,allpress
502,08-01-26,20:00:01,2.0,100.0,4,0.0,0.0,0.0,3.4,12.8,2428,Weather Station,allpress
503,08-01-26,21:00:01,1.9,100.0,2,0.0,0.0,0.0,3.2,12.8,2428,Weather Station,allpress
504,08-01-26,22:00:01,1.6,100.0,0,0.0,0.0,0.0,3.2,12.8,2428,Weather Station,allpress
505,08-01-26,23:00:01,1.8,100.0,0,0.0,0.0,0.0,3.2,12.8,2428,Weather Station,allpress
506,09-01-26,00:00:01,2.3,100.0,0,0.0,0.0,0.0,3.2,12.8,2428,Weather Station,allpress
507,09-01-26,01:00:01,2.5,100.0,0,0.0,0.0,0.0,3.3,12.8,2428,Weather Station,allpress
508,09-01-26,02:00:01,2.2,100.0,0,0.0,0.0,0.0,3.3,12.8,2428,Weather Station,allpress
509,09-01-26,03:00:01,2.1,100.0,0,0.0,0.0,0.0,3.3,12.8,2428,Weather Station,allpress
510,09-01-26,04:00:01,1.7,100.0,0,0.0,0.0,0.75,3.4,12.8,2428,Weather Station,allpress
511,09-01-26,05:00:01,1.8,100.0,0,0.0,0.0,0.0,3.4,12.8,2428,Weather Station,allpress
512,09-01-26,06:00:01,2.1,100.0,0,0.0,0.0,0.0,3.4,12.8,2428,Weather Station,allpress
513,09-01-26,07:00:01,1.9,100.0,0,0.0,0.0,0.0,3.5,12.8,2428,Weather Station,allpress
514,09-01-26,08:00:01,2.0,100.0,0,0.0,0.0,0.0,3.5,12.8,2428,Weather Station,allpress
515,09-01-26,09:00:01,2.2,100.0,0,21.96,0.0,0.0,3.5,12.8,2428,Weather Station,allpress
516,09-01-26,10:00:01,2.3,100.0,0,65.88,0.0,0.0,3.5,12.8,2428,Weather Station,allpress
517,09-01-26,11:00:01,2.7,100.0,0,112.24,0.0,0.0,3.5,12.9,2428,Weather Station,allpress
518,09-01-26,12:00:01,2.7,100.0,0,36.6,0.0,0.0,3.5,12.8,2428,Weather Station,allpress
519,09-01-26,13:00:01,2.5,100.0,0,95.16,0.0,0.0,3.6,12.8,2428,Weather Station,allpress
520,09-01-26,14:00:01,2.4,100.0,0,48.8,0.0,0.0,3.6,12.8,2428,Weather Station,allpress
521,09-01-26,15:00:01,2.2,100.0,0,58.56,0.0,0.0,3.6,12.8,2428,Weather Station,allpress
522,09-01-26,16:00:01,1.8,100.0,0,4.88,0.0,0.0,3.6,12.8,2428,Weather Station,allpress
523,09-01-26,17:00:01,1.7,100.0,0,0.0,0.0,0.0,3.6,12.8,2428,Weather Station,allpress
524,09-01-26,18:00:01,1.4,100.0,0,0.0,0.0,0.0,3.6,12.7,2428,Weather Station,allpress
525,09-01-26,19:00:01,1.2,100.0,0,0.0,0.0,0.0,3.6,12.8,2428,Weather Station,allpress
526,09-01-26,20:00:01,1.1,100.0,0,0.0,0.0,0.0,3.6,12.7,2428,Weather Station,allpress
527,09-01-26,21:00:01,0.9,100.0,0,0.0,0.0,0.0,3.6,12.7,2428,Weather Station,allpress
528,09-01-26,22:00:01,0.5,100.0,0,0.0,0.0,0.0,3.6,12.7,2428,Weather Station,allpress
529,09-01-26,23:00:01,0.0,100.0,0,0.0,0.0,0.0,3.6,12.7,2428,Weather Station,allpress
530,10-01-26,00:00:01,0.0,100.0,0,0.0,0.0,0.0,3.6,12.7,2428,Weather Station,allpress
531,10-01-26,01:00:01,-0.1,100.0,0,0.0,0.0,0.0,3.6,12.7,2428,Weather Station,allpress
532,10-01-26,02:00:01,-0.1,100.0,0,0.0,0.0,0.0,3.5,12.7,2428,Weather Station,allpress
533,10-01-26,03:00:01,-0.4,100.0,0,0.0,0.0,0.0,3.5,12.7,2428,Weather Station,allpress
534,10-01-26,04:00:01,-0.4,100.0,0,0.0,0.0,0.0,3.5,12.7,2428,Weather Station,allpress
535,10-01-26,05:00:01,-0.6,100.0,0,0.0,0.0,0.0,3.4,12.7,2428,Weather Station,allpress
536,10-01-26,06:00:01,-0.8,100.0,0,0.0,0.0,0.0,3.4,12.7,2428,Weather Station,allpress
537,10-01-26,07:00:01,-1.0,100.0,0,0.0,0.0,0.0,3.4,12.7,2428,Weather Station,allpress
538,10-01-26,08:00:01,-1.1,100.0,0,2.44,0.0,0.0,3.3,12.7,2428,Weather Station,allpress
539,10-01-26,09:00:01,-0.9,100.0,0,56.12,0.0,0.0,3.3,12.7,2428,Weather Station,allpress
540,10-01-26,10:00:01,-0.6,100.0,0,158.6,0.0,0.0,3.3,13.2,2428,Weather Station,allpress
541,10-01-26,11:00:01,-0.4,100.0,0,229.36,0.0,0.0,3.3,13.2,2428,Weather Station,allpress
542,10-01-26,12:00:01,-0.1,100.0,0,204.96,0.0,0.0,3.2,13.1,2428,Weather Station,allpress
543,10-01-26,13:00:01,-0.3,100.0,0,173.24,0.0,0.0,3.2,13.2,2428,Weather Station,allpress
544,10-01-26,14:00:01,-0.3,100.0,0,117.12,0.23,5.75,3.2,13.1,2428,Weather Station,allpress
545,10-01-26,15:00:01,-0.2,100.0,0,51.24,0.0,0.75,3.3,13.0,2428,Weather Station,allpress
546,10-01-26,16:00:01,-0.5,100.0,0,2.44,0.0,0.0,3.3,12.9,2428,Weather Station,allpress
547,10-01-26,17:00:01,-0.7,100.0,0,0.0,0.0,0.0,3.3,12.8,2428,Weather Station,allpress
548,10-01-26,18:00:01,-1.2,100.0,0,0.0,0.0,0.0,3.3,12.8,2428,Weather Station,allpress
549,10-01-26,19:00:01,-2.4,100.0,0,0.0,0.0,0.0,3.3,12.8,2428,Weather Station,allpress
550,10-01-26,20:00:01,-3.1,120.1,0,0.0,3.73,5.75,3.3,12.7,2428,Weather Station,allpress
551,10-01-26,21:00:01,-3.9,120.3,0,0.0,0.43,5.75,3.3,12.7,2428,Weather Station,allpress
552,10-01-26,22:00:01,-3.6,120.7,0,0.0,0.0,0.75,3.2,12.7,2428,Weather Station,allpress
553,10-01-26,23:00:01,-2.4,120.0,0,0.0,0.0,3.25,3.2,12.7,2428,Weather Station,allpress
554,11-01-26,00:00:01,-2.1,100.0,0,0.0,0.0,0.0,3.2,12.7,2428,Weather Station,allpress
555,11-01-26,01:00:01,-2.6,100.0,0,0.0,0.0,0.75,3.2,12.7,2428,Weather Station,allpress
556,11-01-26,02:00:01,-3.2,120.0,0,0.0,0.08,5.0,3.1,12.7,2428,Weather Station,allpress
557,11-01-26,03:00:01,-3.1,120.3,0,0.0,0.0,1.5,3.1,12.7,2428,Weather Station,allpress
558,11-01-26,04:00:01,-3.1,120.2,0,0.0,0.2,10.75,3.1,12.7,2428,Weather Station,allpress
559,11-01-26,05:00:01,-2.9,120.4,0,0.0,0.0,1.5,3.0,12.7,2428,Weather Station,allpress
560,11-01-26,06:00:01,-2.3,100.0,0,0.0,0.0,0.0,3.0,12.7,2428,Weather Station,allpress
561,11-01-26,07:00:01,-1.5,100.0,0,0.0,0.0,0.75,2.9,12.7,2428,Weather Station,allpress
562,11-01-26,08:00:01,-1.0,100.0,0,0.0,0.0,3.25,2.9,12.7,2428,Weather Station,allpress
563,11-01-26,09:00:01,-0.1,100.0,0,43.92,0.03,5.75,2.9,12.7,2428,Weather Station,allpress
564,11-01-26,10:00:01,0.8,100.0,0,95.16,0.0,0.75,2.8,12.8,2428,Weather Station,allpress
565,11-01-26,11:00:01,1.7,100.0,0,122.0,1.28,13.25,2.8,12.8,2428,Weather Station,allpress
566,11-01-26,12:00:01,2.1,100.0,0,97.6,0.2,9.0,2.8,12.8,2428,Weather Station,allpress
567,11-01-26,13:00:01,2.9,100.0,0,139.08,0.0,1.5,2.8,12.9,2428,Weather Station,allpress
568,11-01-26,14:00:01,4.1,100.0,0,100.04,0.0,0.75,2.8,12.9,2428,Weather Station,allpress
569,11-01-26,15:00:01,4.5,100.0,0,29.28,0.0,0.0,2.8,12.8,2428,Weather Station,allpress
570,11-01-26,16:00:01,4.6,100.0,0,2.44,0.0,0.0,2.9,12.8,2428,Weather Station,allpress
571,11-01-26,17:00:01,4.7,100.0,0,0.0,0.0,0.0,3.0,12.7,2428,Weather Station,allpress
572,11-01-26,18:00:01,5.3,100.0,0,0.0,0.0,0.0,3.1,12.7,2428,Weather Station,allpress
573,11-01-26,19:00:01,5.3,100.0,0,0.0,0.0,0.0,3.1,12.7,2428,Weather Station,allpress
574,11-01-26,20:00:01,6.2,100.0,0,0.0,0.0,0.0,3.3,12.7,2428,Weather Station,allpress
575,11-01-26,21:00:01,6.7,100.0,0,0.0,0.0,0.75,3.4,12.7,2428,Weather Station,allpress
576,11-01-26,22:00:01,7.2,100.0,0,0.0,0.0,0.0,3.5,12.7,2428,Weather Station,allpress
577,11-01-26,23:00:01,7.6,100.0,0,0.0,0.0,0.0,3.6,12.7,2428,Weather Station,allpress
578,12-01-26,00:00:01,7.6,100.0,0,0.0,0.0,0.0,3.6,12.7,2428,Weather Station,allpress
579,12-01-26,01:00:01,7.9,100.0,0,0.0,0.0,0.0,3.7,12.7,2428,Weather Station,allpress
580,12-01-26,02:00:01,8.2,100.0,0,0.0,0.0,0.0,3.8,12.7,2428,Weather Station,allpress
581,12-01-26,03:00:01,8.2,100.0,0,0.0,0.0,0.0,4.0,12.7,2428,Weather Station,allpress
582,12-01-26,04:00:01,8.4,100.0,0,0.0,0.0,0.0,4.1,12.7,2428,Weather Station,allpress
583,12-01-26,05:00:01,8.0,100.0,0,0.0,0.0,0.0,4.1,12.7,2428,Weather Station,allpress
584,12-01-26,06:00:01,7.7,100.0,0,0.0,0.0,0.0,4.2,12.7,2428,Weather Station,allpress
585,12-01-26,07:00:01,7.4,100.0,0,0.0,0.0,0.0,4.3,12.7,2428,Weather Station,allpress
586,12-01-26,08:00:01,7.5,100.0,0,0.0,0.0,0.0,4.4,12.7,2428,Weather Station,allpress
587,12-01-26,09:00:01,7.9,100.0,0,51.24,0.0,0.0,4.4,12.7,2428,Weather Station,allpress
588,12-01-26,10:00:01,9.2,100.0,0,195.2,0.0,0.75,4.4,13.0,2428,Weather Station,allpress
589,12-01-26,11:00:01,9.6,100.0,0,241.56,0.0,0.0,4.4,13.0,2428,Weather Station,allpress
590,12-01-26,12:00:01,9.9,100.0,0,200.08,0.0,0.0,4.5,13.0,2428,Weather Station,allpress
591,12-01-26,13:00:01,10.8,99.5,0,290.36,0.05,10.0,3.9,13.4,2428,Weather Station,allpress
592,12-01-26,14:00:01,10.5,100.0,0,175.68,0.0,0.0,4.7,13.2,2428,Weather Station,allpress
593,12-01-26,15:00:01,10.3,100.0,0,170.8,0.0,0.0,4.8,13.4,2428,Weather Station,allpress
594,12-01-26,16:00:01,9.1,100.0,0,19.52,0.0,0.75,4.9,13.1,2428,Weather Station,allpress
595,12-01-26,17:00:01,8.8,100.0,0,0.0,0.0,0.0,5.0,13.1,2428,Weather Station,allpress
596,12-01-26,18:00:01,8.8,100.0,0,0.0,0.0,0.0,5.1,13.0,2428,Weather Station,allpress
597,12-01-26,19:00:01,8.2,100.0,0,0.0,0.0,0.0,5.1,13.0,2428,Weather Station,allpress
598,12-01-26,20:00:01,7.9,100.0,0,0.0,0.0,0.0,5.2,13.0,2428,Weather Station,allpress
599,12-01-26,21:00:01,7.1,100.0,0,0.0,0.0,0.0,5.2,12.9,2428,Weather Station,allpress
600,12-01-26,22:00:01,6.6,100.0,0,0.0,0.0,0.0,5.2,12.9,2428,Weather Station,allpress
601,12-01-26,23:00:01,6.8,100.0,0,0.0,0.0,0.0,5.2,12.9,2428,Weather Station,allpress
602,13-01-26,00:00:01,6.3,100.0,0,0.0,0.0,0.0,5.2,12.9,2428,Weather Station,allpress
603,13-01-26,01:00:01,6.4,100.0,0,0.0,0.0,0.0,5.2,12.8,2428,Weather Station,allpress
604,13-01-26,02:00:01,5.9,100.0,0,0.0,0.0,0.0,5.2,12.8,2428,Weather Station,allpress
605,13-01-26,03:00:01,5.7,100.0,0,0.0,0.0,3.25,5.2,12.8,2428,Weather Station,allpress
606,13-01-26,04:00:01,6.7,100.0,0,0.0,0.0,0.0,5.2,12.8,2428,Weather Station,allpress
607,13-01-26,05:00:01,6.1,100.0,0,0.0,0.0,0.0,5.2,12.8,2428,Weather Station,allpress
608,13-01-26,06:00:01,6.8,100.0,0,0.0,0.0,0.0,5.2,12.8,2428,Weather Station,allpress
609,13-01-26,07:00:01,6.7,100.0,0,0.0,0.0,0.0,5.2,12.8,2428,Weather Station,allpress
610,13-01-26,08:00:01,7.1,100.0,0,0.0,0.0,0.0,5.2,12.8,2428,Weather Station,allpress
611,13-01-26,09:00:01,7.8,100.0,0,26.84,0.0,0.0,5.2,12.8,2428,Weather Station,allpress
612,13-01-26,10:00:01,8.4,100.0,0,36.6,0.0,0.0,5.2,12.8,2428,Weather Station,allpress
613,13-01-26,11:00:01,8.4,100.0,0,48.8,0.0,0.0,5.2,12.8,2428,Weather Station,allpress
614,13-01-26,12:00:01,8.5,100.0,8,82.96,0.0,0.0,5.2,12.8,2428,Weather Station,allpress
615,13-01-26,13:00:01,9.0,100.0,0,180.56,0.0,0.0,5.3,12.9,2428,Weather Station,allpress
616,13-01-26,14:00:01,9.1,100.0,2,107.36,0.0,0.0,5.4,12.9,2428,Weather Station,allpress
617,13-01-26,15:00:01,8.9,100.0,0,39.04,0.0,0.0,5.4,12.8,2428,Weather Station,allpress
618,13-01-26,16:00:01,8.4,100.0,0,7.32,0.0,0.0,5.5,12.8,2428,Weather Station,allpress
619,13-01-26,17:00:01,8.1,100.0,0,0.0,0.0,0.0,5.6,12.8,2428,Weather Station,allpress
620,13-01-26,18:00:01,6.6,100.0,0,0.0,0.0,0.0,5.6,12.7,2428,Weather Station,allpress
621,13-01-26,19:00:01,5.9,100.0,0,0.0,0.0,0.0,5.7,12.7,2428,Weather Station,allpress
622,13-01-26,20:00:01,4.9,100.0,0,0.0,0.0,0.0,5.7,12.7,2428,Weather Station,allpress
623,13-01-26,21:00:01,4.4,100.0,0,0.0,0.0,0.0,5.7,12.7,2428,Weather Station,allpress
624,13-01-26,22:00:01,3.8,100.0,0,0.0,0.0,0.0,5.7,12.7,2428,Weather Station,allpress
625,13-01-26,23:00:01,3.0,100.0,0,0.0,0.0,0.0,5.7,12.7,2428,Weather Station,allpress
626,14-01-26,00:00:01,1.8,100.0,0,0.0,0.0,0.75,5.7,12.7,2428,Weather Station,allpress
627,14-01-26,01:00:01,1.4,100.0,0,0.0,0.0,0.0,5.6,12.7,2428,Weather Station,allpress
628,14-01-26,02:00:01,1.2,100.0,0,0.0,0.0,0.0,5.5,12.7,2428,Weather Station,allpress
629,14-01-26,03:00:01,0.7,100.0,0,0.0,0.0,0.75,5.5,12.7,2428,Weather Station,allpress
630,14-01-26,04:00:01,0.1,100.0,0,0.0,0.0,0.0,5.4,12.7,2428,Weather Station,allpress
631,14-01-26,05:00:01,-0.2,100.0,0,0.0,0.0,0.0,5.3,12.7,2428,Weather Station,allpress
632,14-01-26,06:00:01,-0.5,100.0,0,0.0,0.0,3.25,5.2,12.7,2428,Weather Station,allpress
633,14-01-26,07:00:01,-1.3,100.0,0,0.0,0.0,0.0,5.2,12.6,2428,Weather Station,allpress
634,14-01-26,08:00:01,-1.1,100.0,1,4.88,0.33,3.25,5.1,12.6,2428,Weather Station,allpress
635,14-01-26,09:00:01,-0.5,100.0,0,202.52,0.0,0.0,5.0,13.1,2428,Weather Station,allpress
636,14-01-26,10:00:01,0.9,100.0,0,329.4,0.0,0.0,5.0,13.7,2428,Weather Station,allpress
637,14-01-26,11:00:01,3.1,100.0,0,539.24,0.0,0.0,4.9,13.7,2428,Weather Station,allpress
638,14-01-26,12:00:01,5.0,98.6,0,509.96,0.0,0.0,4.8,13.7,2428,Weather Station,allpress
639,14-01-26,13:00:01,5.1,91.0,0,236.68,0.0,0.0,4.8,13.5,2428,Weather Station,allpress
640,14-01-26,14:00:01,4.7,93.7,0,187.88,0.0,0.0,4.8,13.4,2428,Weather Station,allpress
641,14-01-26,15:00:01,4.4,91.5,0,102.48,0.0,0.75,4.8,13.3,2428,Weather Station,allpress
642,14-01-26,16:00:01,3.2,97.5,0,12.2,0.0,0.0,4.8,13.1,2428,Weather Station,allpress
643,14-01-26,17:00:01,2.4,100.0,0,0.0,0.0,0.0,4.9,13.1,2428,Weather Station,allpress
644,14-01-26,18:00:01,3.2,100.0,0,0.0,0.0,0.0,4.9,13.1,2428,Weather Station,allpress
645,14-01-26,19:00:01,3.3,100.0,0,0.0,0.0,0.0,4.9,13.1,2428,Weather Station,allpress
646,14-01-26,20:00:01,3.6,100.0,0,0.0,0.0,0.0,4.9,13.0,2428,Weather Station,allpress
647,14-01-26,21:00:01,4.1,100.0,0,0.0,0.0,0.0,4.9,13.0,2428,Weather Station,allpress
648,14-01-26,22:00:01,6.0,100.0,0,0.0,0.0,0.75,4.9,13.0,2428,Weather Station,allpress
649,14-01-26,23:00:01,6.7,100.0,0,0.0,0.0,0.0,4.9,13.0,2428,Weather Station,allpress
650,15-01-26,00:00:01,7.2,100.0,1,0.0,0.0,0.0,4.9,13.0,2428,Weather Station,allpress
651,15-01-26,01:00:01,7.4,100.0,0,0.0,0.0,0.0,4.9,13.0,2428,Weather Station,allpress
652,15-01-26,02:00:01,6.9,100.0,0,0.0,0.0,0.0,5.0,13.0,2428,Weather Station,allpress
653,15-01-26,03:00:01,6.6,100.0,0,0.0,0.0,0.0,5.0,13.0,2428,Weather Station,allpress
654,15-01-26,04:00:01,6.6,100.0,0,0.0,0.0,0.0,5.1,12.9,2428,Weather Station,allpress
655,15-01-26,05:00:01,6.3,100.0,0,0.0,0.0,0.0,5.1,12.9,2428,Weather Station,allpress
656,15-01-26,06:00:01,5.9,100.0,0,0.0,0.0,0.0,5.1,12.9,2428,Weather Station,allpress
657,15-01-26,07:00:02,5.2,100.0,0,0.0,0.0,0.0,5.2,12.9,2428,Weather Station,allpress
658,15-01-26,08:00:01,5.5,100.0,0,0.0,0.0,0.0,5.2,12.9,2428,Weather Station,allpress
659,15-01-26,09:00:01,6.3,100.0,0,31.72,0.0,0.0,5.2,12.9,2428,Weather Station,allpress
660,15-01-26,10:00:01,6.8,100.0,0,53.68,0.0,0.0,5.2,12.9,2428,Weather Station,allpress
661,15-01-26,11:00:01,7.3,100.0,1,51.24,0.0,0.0,5.2,12.9,2428,Weather Station,allpress
662,15-01-26,12:00:01,7.7,100.0,1,68.32,0.0,0.0,5.2,12.9,2428,Weather Station,allpress
663,15-01-26,13:00:01,7.5,100.0,0,70.76,0.0,0.0,5.3,12.9,2428,Weather Station,allpress
664,15-01-26,14:00:01,7.2,100.0,1,65.88,0.0,0.0,5.3,12.9,2428,Weather Station,allpress
665,15-01-26,15:00:01,7.0,100.0,1,34.16,0.0,0.0,5.4,12.8,2428,Weather Station,allpress
666,15-01-26,16:00:01,6.6,100.0,1,2.44,0.0,0.0,5.5,12.8,2428,Weather Station,allpress
667,15-01-26,17:00:01,6.6,100.0,3,0.0,0.0,0.0,5.5,12.8,2428,Weather Station,allpress
668,15-01-26,18:00:01,6.7,100.0,3,0.0,0.0,0.0,5.6,12.8,2428,Weather Station,allpress
669,15-01-26,19:00:01,7.3,100.0,2,0.0,0.0,0.0,5.7,12.8,2428,Weather Station,allpress
670,15-01-26,20:00:01,7.6,100.0,1,0.0,0.0,0.0,5.7,12.8,2428,Weather Station,allpress
671,15-01-26,21:00:01,7.7,100.0,1,0.0,0.0,0.0,5.8,12.8,2428,Weather Station,allpress
672,15-01-26,22:00:01,5.7,100.0,1,0.0,0.0,0.0,5.8,12.8,2428,Weather Station,allpress
673,15-01-26,23:00:01,4.4,100.0,0,0.0,0.0,0.0,5.8,12.7,2428,Weather Station,allpress
674,16-01-26,00:00:01,3.7,100.0,0,0.0,0.0,0.0,5.8,12.7,2428,Weather Station,allpress
675,16-01-26,01:00:01,3.9,100.0,0,0.0,0.0,0.0,5.8,12.7,2428,Weather Station,allpress
676,16-01-26,02:00:01,3.3,100.0,0,0.0,0.0,0.0,5.8,12.7,2428,Weather Station,allpress
677,16-01-26,03:00:01,1.9,100.0,0,0.0,0.0,0.0,5.8,12.7,2428,Weather Station,allpress
678,16-01-26,04:00:01,0.9,100.0,0,0.0,0.0,0.0,5.7,12.7,2428,Weather Station,allpress
679,16-01-26,05:00:01,0.5,100.0,0,0.0,0.0,0.0,5.7,12.7,2428,Weather Station,allpress
680,16-01-26,06:00:01,1.7,100.0,0,0.0,0.0,0.75,5.6,12.7,2428,Weather Station,allpress
681,16-01-26,07:00:01,2.2,100.0,0,0.0,0.0,0.0,5.5,12.7,2428,Weather Station,allpress
682,16-01-26,08:00:01,2.5,100.0,0,0.0,0.0,0.0,5.4,12.7,2428,Weather Station,allpress
683,16-01-26,09:00:01,3.1,100.0,0,56.12,0.18,6.5,5.4,12.7,2428,Weather Station,allpress
684,16-01-26,10:00:01,5.2,100.0,0,290.36,0.0,0.0,5.3,13.7,2428,Weather Station,allpress
685,16-01-26,11:00:01,6.6,100.0,0,424.56,0.0,0.0,5.3,13.7,2428,Weather Station,allpress
686,16-01-26,12:00:01,6.0,100.0,0,268.4,0.0,0.0,5.3,13.3,2428,Weather Station,allpress
687,16-01-26,13:00:01,7.8,100.0,0,475.8,0.0,0.0,5.3,13.7,2428,Weather Station,allpress
688,16-01-26,14:00:01,8.5,96.9,0,375.76,0.0,0.0,5.3,13.7,2428,Weather Station,allpress
689,16-01-26,15:00:01,7.8,100.0,0,104.92,0.0,0.0,5.4,13.3,2428,Weather Station,allpress
690,16-01-26,16:00:01,7.3,100.0,0,34.16,0.0,0.0,5.4,13.3,2428,Weather Station,allpress
691,16-01-26,17:00:01,5.4,100.0,0,0.0,0.0,0.0,5.5,13.1,2428,Weather Station,allpress
692,16-01-26,18:00:01,4.5,100.0,0,0.0,0.0,0.0,5.5,13.1,2428,Weather Station,allpress
693,16-01-26,19:00:01,4.3,100.0,0,0.0,0.0,0.0,5.6,13.1,2428,Weather Station,allpress
694,16-01-26,20:00:01,4.7,100.0,0,0.0,0.0,0.0,5.6,13.1,2428,Weather Station,allpress
695,16-01-26,21:00:01,4.1,100.0,0,0.0,0.0,0.0,5.6,13.1,2428,Weather Station,allpress
696,16-01-26,22:00:01,3.8,100.0,0,0.0,0.0,0.0,5.5,13.0,2428,Weather Station,allpress
697,16-01-26,23:00:01,3.9,100.0,0,0.0,0.0,0.75,5.5,13.0,2428,Weather Station,allpress
698,17-01-26,00:00:01,4.5,100.0,0,0.0,0.0,0.0,5.5,13.0,2428,Weather Station,allpress
699,17-01-26,01:00:01,5.3,100.0,0,0.0,0.0,0.0,5.4,13.0,2428,Weather Station,allpress
700,17-01-26,02:00:01,5.5,100.0,0,0.0,0.0,0.0,5.4,13.0,2428,Weather Station,allpress
701,17-01-26,03:00:01,5.3,100.0,0,0.0,0.0,0.0,5.4,13.0,2428,Weather Station,allpress
702,17-01-26,04:00:01,5.3,100.0,1,0.0,0.0,0.0,5.4,13.0,2428,Weather Station,allpress
703,17-01-26,05:00:01,5.1,100.0,0,0.0,0.0,0.0,5.4,13.0,2428,Weather Station,allpress
704,17-01-26,06:00:01,5.8,100.0,0,0.0,0.0,0.0,5.4,12.9,2428,Weather Station,allpress
705,17-01-26,07:00:01,6.1,100.0,0,0.0,0.0,0.75,5.4,12.9,2428,Weather Station,allpress
706,17-01-26,08:00:01,5.9,100.0,0,0.0,0.0,0.0,5.4,12.9,2428,Weather Station,allpress
707,17-01-26,09:00:01,5.7,100.0,0,119.56,0.0,0.0,5.5,13.1,2428,Weather Station,allpress
708,17-01-26,10:00:01,6.9,100.0,0,361.12,0.0,5.75,5.5,13.7,2428,Weather Station,allpress
709,17-01-26,11:00:01,9.0,100.0,0,314.76,0.15,7.5,5.5,13.5,2428,Weather Station,allpress
710,17-01-26,12:00:01,9.3,100.0,0,483.12,0.0,3.25,5.6,13.8,2428,Weather Station,allpress
711,17-01-26,13:00:01,9.1,96.7,0,224.48,0.0,0.0,5.6,13.6,2428,Weather Station,allpress
712,17-01-26,14:00:01,9.2,100.0,0,287.92,9.43,8.25,5.7,13.7,2428,Weather Station,allpress
713,17-01-26,15:00:01,8.8,100.0,0,129.32,0.83,7.5,5.8,13.5,2428,Weather Station,allpress
714,17-01-26,16:00:01,7.4,100.0,0,31.72,0.03,4.0,5.9,13.2,2428,Weather Station,allpress
715,17-01-26,17:00:01,5.2,100.0,0,0.0,0.03,3.25,5.9,13.1,2428,Weather Station,allpress
716,17-01-26,18:00:01,5.5,100.0,0,0.0,0.0,0.0,5.9,13.1,2428,Weather Station,allpress
717,17-01-26,19:00:01,4.5,100.0,0,0.0,0.0,0.0,5.9,13.1,2428,Weather Station,allpress
718,17-01-26,20:00:01,5.1,100.0,0,0.0,0.0,0.75,5.9,13.1,2428,Weather Station,allpress
719,17-01-26,21:00:01,2.8,100.0,0,0.0,0.0,1.5,5.9,13.0,2428,Weather Station,allpress
720,17-01-26,22:00:01,5.2,100.0,0,0.0,0.03,3.25,5.9,13.0,2428,Weather Station,allpress
